<?xml version="1.0" encoding="UTF-8"?>
<project-private xmlns="http://www.netbeans.org/ns/project-private/1">
    <editor-bookmarks xmlns="http://www.netbeans.org/ns/editor-bookmarks/2" lastBookmarkId="0"/>
    <open-files xmlns="http://www.netbeans.org/ns/projectui-open-files/2">
        <group>
            <file>file:/D:/vdaten/pgm/V-Control_GPL/Builds%20-%20v-control3_v3_7_14.xojo_binary_project/Windows/V-Control3_Win/httproot/ack.html</file>
            <file>file:/D:/vdaten/pgm/V-Control_GPL/Builds%20-%20v-control3_v3_7_14.xojo_binary_project/Windows/V-Control3_Win/httproot/main.html</file>
            <file>file:/D:/vdaten/pgm/V-Control_GPL/Builds%20-%20v-control3_v3_7_14.xojo_binary_project/Windows/V-Control3_Win/httproot/index.html.bak</file>
            <file>file:/D:/vdaten/pgm/V-Control_GPL/Builds%20-%20v-control3_v3_7_14.xojo_binary_project/Windows/V-Control3_Win/httproot/index.html</file>
            <file>file:/D:/vdaten/pgm/V-Control_GPL/Builds%20-%20v-control3_v3_7_14.xojo_binary_project/Windows/V-Control3_Win/httproot/main.css</file>
        </group>
    </open-files>
</project-private>
